[
  {
    "namespace": "filterCopyApi",
    "functions": [
  
      
      {
        "name": "getAccountsInfo",
        "type": "function",
        "async": true,
        "parameters": [],
        "returns": {
          "type": "array",
          "items": {
            "type": "object",
            "properties": {
              "key": { "type": "string" },
              "name": { "type": "string" },
              "filterFilePath": { "type": "string" } 
            }
          }
        }
      }, 

      {
        "name": "readFiltersFile",
        "type": "function",
        "description": "Lee el contenido de un archivo de texto especificado por su ruta de archivo. La función recibe una cadena de texto que representa la ruta del archivo y devuelve el contenido del archivo como una cadena de texto.",
        "parameters": [
          {
            "name": "filePath",
            "type": "string",
            "description": "La ruta completa del archivo de texto que se desea leer. Debe ser una ruta válida dentro del sistema de archivos accesible."
          }
        ],
        "returns": {
          "type": "array",
          "items": {
            "type": "object",
            "properties": {
              "name": { "type": "string" }
            }
          },
          "description": "Un array de objetos, cada uno representando un filtro."
        },
        "async": true
      },
    
      {
        "name": "appendFilterToAccount",
        "type": "function",
        "description": "Escribe un nuevo filtro al final del archivo de filtros especificado y notifica a Thunderbird del cambio.",
        "parameters": [
          {
            "name": "targetFilePath",
            "type": "string",
            "description": "La ruta completa del archivo de filtros donde se añadirá el nuevo filtro."
          },
          {
            "name": "filterRules",
            "type": "string",
            "description": "El contenido completo del filtro que se va a añadir."
          },
          {
            "name": "accountKey",
            "type": "string",
            "description": "La clave de la cuenta de correo asociada con el archivo de filtros."
          }
        ],
        "returns": {
          "type": "boolean",
          "description": "True si el filtro se añadió correctamente, false en caso contrario."
        },
        "async": true
      }
      



    ]
  }
]